time (s),x,y,z
0.0,0.0,0.0,0.0
0.013333333333333332,0.0006852326227130629,0.0006852326227130629,0.0006852326227130629
0.026666666666666665,0.0027390523158633312,0.0027390523158633312,0.0027390523158633312
0.04,0.0061558297024311365,0.0061558297024311365,0.0061558297024311365
0.05333333333333333,0.010926199633097178,0.010926199633097178,0.010926199633097178
0.06666666666666667,0.01703708685546585,0.01703708685546585,0.01703708685546585
0.08,0.024471741852423214,0.024471741852423214,0.024471741852423214
0.09333333333333334,0.03320978675139913,0.03320978675139913,0.03320978675139913
0.10666666666666666,0.043227271178699546,0.043227271178699546,0.043227271178699546
0.12,0.05449673790581606,0.05449673790581606,0.05449673790581606
0.13333333333333333,0.06698729810778066,0.06698729810778066,0.06698729810778066
0.14666666666666667,0.08066471602728797,0.08066471602728797,0.08066471602728797
0.16,0.09549150281252627,0.09549150281252627,0.09549150281252627
0.17333333333333334,0.11142701927151458,0.11142701927151458,0.11142701927151458
0.18666666666666668,0.12842758726130288,0.12842758726130288,0.12842758726130288
0.2,0.14644660940672624,0.14644660940672624,0.14644660940672624
0.21333333333333332,0.16543469682057085,0.16543469682057085,0.16543469682057085
0.22666666666666668,0.18533980447508122,0.18533980447508122,0.18533980447508122
0.24,0.2061073738537634,0.2061073738537634,0.2061073738537634
0.2533333333333333,0.22768048249248646,0.22768048249248646,0.22768048249248646
0.26666666666666666,0.24999999999999994,0.24999999999999994,0.24999999999999994
0.28,0.2730047501302265,0.2730047501302265,0.2730047501302265
0.29333333333333333,0.29663167846209976,0.29663167846209976,0.29663167846209976
0.30666666666666664,0.32081602522734987,0.32081602522734987,0.32081602522734987
0.32,0.3454915028125263,0.3454915028125263,0.3454915028125263
0.3333333333333333,0.37059047744873963,0.37059047744873963,0.37059047744873963
0.3466666666666667,0.3960441545911204,0.3960441545911204,0.3960441545911204
0.36,0.4217827674798846,0.4217827674798846,0.4217827674798846
0.37333333333333335,0.4477357683661733,0.4477357683661733,0.4477357683661733
0.3866666666666667,0.47383202187852796,0.47383202187852796,0.47383202187852796
0.4,0.5000000000000001,0.5000000000000001,0.5000000000000001
0.41333333333333333,0.5261679781214719,0.5261679781214719,0.5261679781214719
0.42666666666666664,0.5522642316338265,0.5522642316338265,0.5522642316338265
0.43999999999999995,0.5782172325201156,0.5782172325201156,0.5782172325201156
0.45333333333333337,0.6039558454088795,0.6039558454088795,0.6039558454088795
0.4666666666666667,0.6294095225512604,0.6294095225512604,0.6294095225512604
0.48,0.6545084971874737,0.6545084971874737,0.6545084971874737
0.49333333333333335,0.6791839747726502,0.6791839747726502,0.6791839747726502
0.5066666666666666,0.7033683215379,0.7033683215379,0.7033683215379
0.52,0.7269952498697734,0.7269952498697734,0.7269952498697734
0.5333333333333333,0.7499999999999999,0.7499999999999999,0.7499999999999999
0.5466666666666666,0.7723195175075136,0.7723195175075136,0.7723195175075136
0.56,0.7938926261462365,0.7938926261462365,0.7938926261462365
0.5733333333333334,0.8146601955249185,0.8146601955249185,0.8146601955249185
0.5866666666666667,0.834565303179429,0.834565303179429,0.834565303179429
0.6,0.8535533905932737,0.8535533905932737,0.8535533905932737
0.6133333333333333,0.8715724127386971,0.8715724127386971,0.8715724127386971
0.6266666666666666,0.8885729807284855,0.8885729807284855,0.8885729807284855
0.64,0.9045084971874736,0.9045084971874736,0.9045084971874736
0.6533333333333333,0.919335283972712,0.919335283972712,0.919335283972712
0.6666666666666666,0.9330127018922194,0.9330127018922194,0.9330127018922194
0.68,0.9455032620941839,0.9455032620941839,0.9455032620941839
0.6933333333333334,0.9567727288213006,0.9567727288213006,0.9567727288213006
0.7066666666666667,0.9667902132486007,0.9667902132486007,0.9667902132486007
0.72,0.9755282581475768,0.9755282581475768,0.9755282581475768
0.7333333333333334,0.9829629131445341,0.9829629131445341,0.9829629131445341
0.7466666666666667,0.9890738003669027,0.9890738003669027,0.9890738003669027
0.76,0.9938441702975689,0.9938441702975689,0.9938441702975689
0.7733333333333334,0.9972609476841365,0.9972609476841365,0.9972609476841365
0.7866666666666666,0.9993147673772869,0.9993147673772869,0.9993147673772869
0.8,1.0,1.0,1.0
0.8133333333333332,0.9993147673772869,0.9993147673772869,0.9993147673772869
0.8266666666666667,0.9972609476841365,0.9972609476841365,0.9972609476841365
0.8400000000000001,0.9938441702975689,0.9938441702975689,0.9938441702975689
0.8533333333333333,0.989073800366903,0.989073800366903,0.989073800366903
0.8666666666666667,0.9829629131445343,0.9829629131445343,0.9829629131445343
0.8799999999999999,0.9755282581475766,0.9755282581475766,0.9755282581475766
0.8933333333333333,0.9667902132486009,0.9667902132486009,0.9667902132486009
0.9066666666666667,0.9567727288213006,0.9567727288213006,0.9567727288213006
0.9199999999999999,0.945503262094184,0.945503262094184,0.945503262094184
0.9333333333333333,0.9330127018922194,0.9330127018922194,0.9330127018922194
0.9466666666666667,0.919335283972712,0.919335283972712,0.919335283972712
0.96,0.9045084971874738,0.9045084971874738,0.9045084971874738
0.9733333333333333,0.8885729807284855,0.8885729807284855,0.8885729807284855
0.9866666666666667,0.8715724127386971,0.8715724127386971,0.8715724127386971
1.0,0.8535533905932737,0.8535533905932737,0.8535533905932737
1.0133333333333332,0.8345653031794292,0.8345653031794292,0.8345653031794292
1.0266666666666666,0.8146601955249185,0.8146601955249185,0.8146601955249185
1.04,0.7938926261462367,0.7938926261462367,0.7938926261462367
1.0533333333333332,0.7723195175075136,0.7723195175075136,0.7723195175075136
1.0666666666666667,0.7500000000000001,0.7500000000000001,0.7500000000000001
1.08,0.7269952498697735,0.7269952498697735,0.7269952498697735
1.0933333333333333,0.7033683215379002,0.7033683215379002,0.7033683215379002
1.1066666666666667,0.6791839747726504,0.6791839747726504,0.6791839747726504
1.12,0.6545084971874737,0.6545084971874737,0.6545084971874737
1.1333333333333333,0.6294095225512604,0.6294095225512604,0.6294095225512604
1.1466666666666667,0.6039558454088799,0.6039558454088799,0.6039558454088799
1.1600000000000001,0.5782172325201155,0.5782172325201155,0.5782172325201155
1.1733333333333333,0.5522642316338271,0.5522642316338271,0.5522642316338271
1.1866666666666668,0.5261679781214718,0.5261679781214718,0.5261679781214718
1.2,0.5000000000000001,0.5000000000000001,0.5000000000000001
1.2133333333333334,0.47383202187852846,0.47383202187852846,0.47383202187852846
1.2266666666666666,0.447735768366173,0.447735768366173,0.447735768366173
1.24,0.4217827674798847,0.4217827674798847,0.4217827674798847
1.2533333333333332,0.39604415459112025,0.39604415459112025,0.39604415459112025
1.2666666666666668,0.3705904774487399,0.3705904774487399,0.3705904774487399
1.28,0.34549150281252644,0.34549150281252644,0.34549150281252644
1.2933333333333332,0.32081602522734987,0.32081602522734987,0.32081602522734987
1.3066666666666666,0.29663167846210015,0.29663167846210015,0.29663167846210015
1.32,0.2730047501302266,0.2730047501302266,0.2730047501302266
1.3333333333333333,0.24999999999999994,0.24999999999999994,0.24999999999999994
1.3466666666666667,0.22768048249248665,0.22768048249248665,0.22768048249248665
1.36,0.2061073738537635,0.2061073738537635,0.2061073738537635
1.3733333333333333,0.1853398044750816,0.1853398044750816,0.1853398044750816
1.3866666666666667,0.16543469682057077,0.16543469682057077,0.16543469682057077
1.4000000000000001,0.14644660940672632,0.14644660940672632,0.14644660940672632
1.4133333333333333,0.12842758726130316,0.12842758726130316,0.12842758726130316
1.4266666666666667,0.11142701927151444,0.11142701927151444,0.11142701927151444
1.44,0.09549150281252634,0.09549150281252634,0.09549150281252634
1.4533333333333334,0.08066471602728797,0.08066471602728797,0.08066471602728797
1.4666666666666668,0.06698729810778081,0.06698729810778081,0.06698729810778081
1.48,0.05449673790581613,0.05449673790581613,0.05449673790581613
1.4933333333333334,0.043227271178699546,0.043227271178699546,0.043227271178699546
1.5066666666666668,0.03320978675139922,0.03320978675139922,0.03320978675139922
1.52,0.02447174185242325,0.02447174185242325,0.02447174185242325
1.5333333333333332,0.01703708685546585,0.01703708685546585,0.01703708685546585
1.5466666666666669,0.010926199633097235,0.010926199633097235,0.010926199633097235
1.56,0.0061558297024311565,0.0061558297024311565,0.0061558297024311565
1.5733333333333333,0.0027390523158633755,0.0027390523158633755,0.0027390523158633755
1.586666666666667,0.000685232622713054,0.000685232622713054,0.000685232622713054
1.6,0.0,0.0,0.0
1.6133333333333333,0.0008154480369321602,0.0008154480369321602,0.0008154480369321602
1.6266666666666665,0.003259132325724895,0.003259132325724895,0.003259132325724895
1.6400000000000001,0.007323082076153493,0.007323082076153493,0.007323082076153493
1.6533333333333333,0.01299404152883324,0.01299404152883324,0.01299404152883324
1.6666666666666665,0.020253513192751305,0.020253513192751305,0.020253513192751305
1.6800000000000002,0.02907781818023765,0.02907781818023765,0.02907781818023765
1.6933333333333334,0.039438173442574935,0.039438173442574935,0.039438173442574935
1.7066666666666666,0.05130078565432079,0.05130078565432079,0.05130078565432079
1.7199999999999998,0.06462696144011142,0.06462696144011142,0.06462696144011142
1.7333333333333334,0.0793732335844094,0.0793732335844094,0.0793732335844094
1.7466666666666666,0.09549150281252627,0.09549150281252627,0.09549150281252627
1.7599999999999998,0.11292919468045876,0.11292919468045876,0.11292919468045876
1.7733333333333334,0.13162943106179753,0.13162943106179753,0.13162943106179753
1.7866666666666666,0.15153121567235325,0.15153121567235325,0.15153121567235325
1.7999999999999998,0.17256963302735742,0.17256963302735742,0.17256963302735742
1.8133333333333335,0.19467606018228092,0.19467606018228092,0.19467606018228092
1.8266666666666667,0.21777839056661538,0.21777839056661538,0.21777839056661538
1.8399999999999999,0.24180126918051903,0.24180126918051903,0.24180126918051903
1.8533333333333333,0.2666663383871631,0.2666663383871631,0.2666663383871631
1.8666666666666667,0.2922924934990568,0.2922924934990568,0.2922924934990568
1.88,0.3185961473246795,0.3185961473246795,0.3185961473246795
1.8933333333333333,0.3454915028125263,0.3454915028125263,0.3454915028125263
1.9066666666666667,0.3728908329032565,0.3728908329032565,0.3728908329032565
1.92,0.4007047666771273,0.4007047666771273,0.4007047666771273
1.9333333333333333,0.42884258086335736,0.42884258086335736,0.42884258086335736
1.9466666666666665,0.45721249576058004,0.45721249576058004,0.45721249576058004
1.96,0.48572197460315186,0.48572197460315186,0.48572197460315186
1.9733333333333334,0.5142780253968481,0.5142780253968481,0.5142780253968481
1.9866666666666666,0.5427875042394198,0.5427875042394198,0.5427875042394198
2.0,0.5711574191366425,0.5711574191366425,0.5711574191366425
2.013333333333333,0.5992952333228726,0.5992952333228726,0.5992952333228726
2.0266666666666664,0.6271091670967435,0.6271091670967435,0.6271091670967435
2.04,0.6545084971874737,0.6545084971874737,0.6545084971874737
2.0533333333333332,0.6814038526753204,0.6814038526753204,0.6814038526753204
2.0666666666666664,0.707707506500943,0.707707506500943,0.707707506500943
2.08,0.7333336616128368,0.7333336616128368,0.7333336616128368
2.0933333333333333,0.7581987308194809,0.7581987308194809,0.7581987308194809
2.1066666666666665,0.7822216094333845,0.7822216094333845,0.7822216094333845
2.12,0.8053239398177191,0.8053239398177191,0.8053239398177191
2.1333333333333333,0.8274303669726425,0.8274303669726425,0.8274303669726425
2.1466666666666665,0.8484687843276467,0.8484687843276467,0.8484687843276467
2.16,0.8683705689382026,0.8683705689382026,0.8683705689382026
2.1733333333333333,0.8870708053195413,0.8870708053195413,0.8870708053195413
2.1866666666666665,0.9045084971874736,0.9045084971874736,0.9045084971874736
2.2,0.9206267664155905,0.9206267664155905,0.9206267664155905
2.2133333333333334,0.9353730385598884,0.9353730385598884,0.9353730385598884
2.2266666666666666,0.948699214345679,0.948699214345679,0.948699214345679
2.24,0.9605618265574252,0.9605618265574252,0.9605618265574252
2.2533333333333334,0.9709221818197623,0.9709221818197623,0.9709221818197623
2.2666666666666666,0.9797464868072486,0.9797464868072486,0.9797464868072486
2.2800000000000002,0.9870059584711668,0.9870059584711668,0.9870059584711668
2.2933333333333334,0.9926769179238464,0.9926769179238464,0.9926769179238464
2.3066666666666666,0.996740867674275,0.996740867674275,0.996740867674275
2.3200000000000003,0.9991845519630679,0.9991845519630679,0.9991845519630679
2.3333333333333335,1.0,1.0,1.0
2.3466666666666667,0.9991845519630679,0.9991845519630679,0.9991845519630679
2.36,0.996740867674275,0.996740867674275,0.996740867674275
2.3733333333333335,0.9926769179238466,0.9926769179238466,0.9926769179238466
2.3866666666666667,0.9870059584711668,0.9870059584711668,0.9870059584711668
2.4,0.9797464868072489,0.9797464868072489,0.9797464868072489
2.4133333333333336,0.9709221818197623,0.9709221818197623,0.9709221818197623
2.4266666666666667,0.9605618265574252,0.9605618265574252,0.9605618265574252
2.44,0.948699214345679,0.948699214345679,0.948699214345679
2.453333333333333,0.9353730385598886,0.9353730385598886,0.9353730385598886
2.466666666666667,0.9206267664155905,0.9206267664155905,0.9206267664155905
2.48,0.9045084971874738,0.9045084971874738,0.9045084971874738
2.493333333333333,0.8870708053195411,0.8870708053195411,0.8870708053195411
2.5066666666666664,0.8683705689382026,0.8683705689382026,0.8683705689382026
2.52,0.8484687843276467,0.8484687843276467,0.8484687843276467
2.5333333333333337,0.8274303669726426,0.8274303669726426,0.8274303669726426
2.5466666666666664,0.8053239398177188,0.8053239398177188,0.8053239398177188
2.56,0.7822216094333845,0.7822216094333845,0.7822216094333845
2.5733333333333337,0.7581987308194809,0.7581987308194809,0.7581987308194809
2.5866666666666664,0.733333661612837,0.733333661612837,0.733333661612837
2.6,0.7077075065009436,0.7077075065009436,0.7077075065009436
2.6133333333333333,0.6814038526753208,0.6814038526753208,0.6814038526753208
2.6266666666666665,0.6545084971874737,0.6545084971874737,0.6545084971874737
2.64,0.6271091670967435,0.6271091670967435,0.6271091670967435
2.6533333333333333,0.5992952333228729,0.5992952333228729,0.5992952333228729
2.6666666666666665,0.5711574191366425,0.5711574191366425,0.5711574191366425
2.68,0.5427875042394202,0.5427875042394202,0.5427875042394202
2.6933333333333334,0.5142780253968482,0.5142780253968482,0.5142780253968482
2.7066666666666666,0.48572197460315186,0.48572197460315186,0.48572197460315186
2.72,0.45721249576057993,0.45721249576057993,0.45721249576057993
2.7333333333333334,0.42884258086335764,0.42884258086335764,0.42884258086335764
2.7466666666666666,0.4007047666771273,0.4007047666771273,0.4007047666771273
2.7600000000000002,0.37289083290325675,0.37289083290325675,0.37289083290325675
2.7733333333333334,0.34549150281252644,0.34549150281252644,0.34549150281252644
2.7866666666666666,0.3185961473246795,0.3185961473246795,0.3185961473246795
2.8000000000000003,0.2922924934990566,0.2922924934990566,0.2922924934990566
2.8133333333333335,0.2666663383871632,0.2666663383871632,0.2666663383871632
2.8266666666666667,0.24180126918051933,0.24180126918051933,0.24180126918051933
2.84,0.21777839056661555,0.21777839056661555,0.21777839056661555
2.8533333333333335,0.1946760601822813,0.1946760601822813,0.1946760601822813
2.8666666666666667,0.1725696330273574,0.1725696330273574,0.1725696330273574
2.88,0.15153121567235336,0.15153121567235336,0.15153121567235336
2.8933333333333335,0.13162943106179753,0.13162943106179753,0.13162943106179753
2.9066666666666667,0.11292919468045894,0.11292919468045894,0.11292919468045894
2.92,0.09549150281252634,0.09549150281252634,0.09549150281252634
2.9333333333333336,0.07937323358440962,0.07937323358440962,0.07937323358440962
2.9466666666666668,0.06462696144011153,0.06462696144011153,0.06462696144011153
2.96,0.05130078565432083,0.05130078565432083,0.05130078565432083
2.9733333333333336,0.0394381734425749,0.0394381734425749,0.0394381734425749
2.986666666666667,0.029077818180237715,0.029077818180237715,0.029077818180237715
3.0,0.020253513192751312,0.020253513192751312,0.020253513192751312
3.0133333333333336,0.012994041528833317,0.012994041528833317,0.012994041528833317
3.0266666666666664,0.007323082076153522,0.007323082076153522,0.007323082076153522
3.04,0.003259132325724896,0.003259132325724896,0.003259132325724896
3.0533333333333337,0.0008154480369321511,0.0008154480369321511,0.0008154480369321511
3.0666666666666664,0.0,0.0,0.0
3.08,0.000986635785864219,0.000986635785864219,0.000986635785864219
3.0933333333333337,0.003942649342761085,0.003942649342761085,0.003942649342761085
3.1066666666666665,0.008856374635655659,0.008856374635655659,0.008856374635655659
3.12,0.015708419435684445,0.015708419435684445,0.015708419435684445
3.1333333333333337,0.024471741852423214,0.024471741852423214,0.024471741852423214
3.1466666666666665,0.035111757055874285,0.035111757055874285,0.035111757055874285
3.16,0.04758647376699024,0.04758647376699024,0.04758647376699024
3.173333333333334,0.06184665997806821,0.06184665997806821,0.06184665997806821
3.1866666666666665,0.07783603724899248,0.07783603724899248,0.07783603724899248
3.2,0.09549150281252627,0.09549150281252627,0.09549150281252627
3.213333333333334,0.11474337861210537,0.11474337861210537,0.11474337861210537
3.2266666666666666,0.1355156862892942,0.1355156862892942,0.1355156862892942
3.24,0.15772644703565566,0.15772644703565566,0.15772644703565566
3.253333333333333,0.1812880051256552,0.1812880051256552,0.1812880051256552
3.2666666666666666,0.2061073738537634,0.2061073738537634,0.2061073738537634
3.2800000000000002,0.23208660251050173,0.23208660251050173,0.23208660251050173
3.293333333333333,0.2591231629491424,0.2591231629491424,0.2591231629491424
3.3066666666666666,0.2871103542174637,0.2871103542174637,0.2871103542174637
3.3200000000000003,0.315937723657661,0.315937723657661,0.315937723657661
3.333333333333333,0.3454915028125263,0.3454915028125263,0.3454915028125263
3.3466666666666667,0.37565505641757246,0.37565505641757246,0.37565505641757246
3.3600000000000003,0.4063093427071376,0.4063093427071376,0.4063093427071376
3.373333333333333,0.4373333832178478,0.4373333832178478,0.4373333832178478
3.3866666666666667,0.4686047402353432,0.4686047402353432,0.4686047402353432
3.4000000000000004,0.5000000000000001,0.5000000000000001,0.5000000000000001
3.413333333333333,0.5313952597646567,0.5313952597646567,0.5313952597646567
3.4266666666666667,0.5626666167821522,0.5626666167821522,0.5626666167821522
3.4399999999999995,0.5936906572928623,0.5936906572928623,0.5936906572928623
3.453333333333333,0.6243449435824273,0.6243449435824273,0.6243449435824273
3.466666666666667,0.6545084971874737,0.6545084971874737,0.6545084971874737
3.4799999999999995,0.684062276342339,0.684062276342339,0.684062276342339
3.493333333333333,0.7128896457825363,0.7128896457825363,0.7128896457825363
3.506666666666667,0.7408768370508576,0.7408768370508576,0.7408768370508576
3.5199999999999996,0.7679133974894985,0.7679133974894985,0.7679133974894985
3.533333333333333,0.7938926261462365,0.7938926261462365,0.7938926261462365
3.546666666666667,0.818711994874345,0.818711994874345,0.818711994874345
3.5599999999999996,0.8422735529643444,0.8422735529643444,0.8422735529643444
3.5733333333333333,0.8644843137107057,0.8644843137107057,0.8644843137107057
3.586666666666667,0.8852566213878946,0.8852566213878946,0.8852566213878946
3.5999999999999996,0.9045084971874736,0.9045084971874736,0.9045084971874736
3.6133333333333333,0.9221639627510073,0.9221639627510073,0.9221639627510073
3.626666666666667,0.9381533400219317,0.9381533400219317,0.9381533400219317
3.6399999999999997,0.9524135262330096,0.9524135262330096,0.9524135262330096
3.6533333333333333,0.9648882429441256,0.9648882429441256,0.9648882429441256
3.6666666666666665,0.9755282581475768,0.9755282581475768,0.9755282581475768
3.6799999999999997,0.9842915805643156,0.9842915805643156,0.9842915805643156
3.6933333333333334,0.9911436253643443,0.9911436253643443,0.9911436253643443
3.7066666666666666,0.9960573506572389,0.9960573506572389,0.9960573506572389
3.7199999999999998,0.9990133642141359,0.9990133642141359,0.9990133642141359
3.7333333333333334,1.0,1.0,1.0
3.7466666666666666,0.9990133642141359,0.9990133642141359,0.9990133642141359
3.76,0.9960573506572389,0.9960573506572389,0.9960573506572389
3.7733333333333334,0.9911436253643443,0.9911436253643443,0.9911436253643443
3.7866666666666666,0.9842915805643154,0.9842915805643154,0.9842915805643154
3.8,0.9755282581475766,0.9755282581475766,0.9755282581475766
3.8133333333333335,0.9648882429441256,0.9648882429441256,0.9648882429441256
3.8266666666666667,0.9524135262330098,0.9524135262330098,0.9524135262330098
3.84,0.938153340021932,0.938153340021932,0.938153340021932
3.8533333333333335,0.9221639627510075,0.9221639627510075,0.9221639627510075
3.8666666666666667,0.9045084971874738,0.9045084971874738,0.9045084971874738
3.88,0.8852566213878946,0.8852566213878946,0.8852566213878946
3.893333333333333,0.8644843137107059,0.8644843137107059,0.8644843137107059
3.9066666666666667,0.8422735529643446,0.8422735529643446,0.8422735529643446
3.92,0.8187119948743448,0.8187119948743448,0.8187119948743448
3.933333333333333,0.7938926261462367,0.7938926261462367,0.7938926261462367
3.9466666666666668,0.7679133974894982,0.7679133974894982,0.7679133974894982
3.96,0.7408768370508576,0.7408768370508576,0.7408768370508576
3.973333333333333,0.7128896457825361,0.7128896457825361,0.7128896457825361
3.986666666666667,0.6840622763423394,0.6840622763423394,0.6840622763423394
4.0,0.6545084971874737,0.6545084971874737,0.6545084971874737
4.013333333333334,0.6243449435824276,0.6243449435824276,0.6243449435824276
4.026666666666666,0.5936906572928623,0.5936906572928623,0.5936906572928623
4.04,0.5626666167821522,0.5626666167821522,0.5626666167821522
4.053333333333333,0.5313952597646565,0.5313952597646565,0.5313952597646565
4.066666666666666,0.5000000000000001,0.5000000000000001,0.5000000000000001
4.08,0.46860474023534354,0.46860474023534354,0.46860474023534354
4.093333333333334,0.4373333832178478,0.4373333832178478,0.4373333832178478
4.1066666666666665,0.40630934270713787,0.40630934270713787,0.40630934270713787
4.12,0.37565505641757246,0.37565505641757246,0.37565505641757246
4.133333333333333,0.34549150281252644,0.34549150281252644,0.34549150281252644
4.1466666666666665,0.3159377236576609,0.3159377236576609,0.3159377236576609
4.16,0.28711035421746406,0.28711035421746406,0.28711035421746406
4.173333333333334,0.2591231629491425,0.2591231629491425,0.2591231629491425
4.1866666666666665,0.232086602510502,0.232086602510502,0.232086602510502
4.2,0.2061073738537635,0.2061073738537635,0.2061073738537635
4.213333333333333,0.18128800512565535,0.18128800512565535,0.18128800512565535
4.226666666666667,0.15772644703565566,0.15772644703565566,0.15772644703565566
4.24,0.13551568628929436,0.13551568628929436,0.13551568628929436
4.253333333333334,0.11474337861210533,0.11474337861210533,0.11474337861210533
4.266666666666667,0.09549150281252634,0.09549150281252634,0.09549150281252634
4.28,0.07783603724899238,0.07783603724899238,0.07783603724899238
4.293333333333333,0.06184665997806822,0.06184665997806822,0.06184665997806822
4.306666666666667,0.047586473766990135,0.047586473766990135,0.047586473766990135
4.32,0.035111757055874444,0.035111757055874444,0.035111757055874444
4.333333333333334,0.02447174185242325,0.02447174185242325,0.02447174185242325
4.346666666666667,0.015708419435684514,0.015708419435684514,0.015708419435684514
4.36,0.008856374635655665,0.008856374635655665,0.008856374635655665
4.373333333333333,0.003942649342761111,0.003942649342761111,0.003942649342761111
4.386666666666667,0.0009866357858642153,0.0009866357858642153,0.0009866357858642153
4.4,0.0,0.0,0.0
4.413333333333334,0.001217974870087876,0.001217974870087876,0.001217974870087876
4.426666666666667,0.004865965629214842,0.004865965629214842,0.004865965629214842
4.44,0.010926199633097178,0.010926199633097178,0.010926199633097178
4.453333333333333,0.019369152030840567,0.019369152030840567,0.019369152030840567
4.466666666666667,0.030153689607045803,0.030153689607045803,0.030153689607045803
4.48,0.043227271178699546,0.043227271178699546,0.043227271178699546
4.493333333333333,0.058526203570536534,0.058526203570536534,0.058526203570536534
4.506666666666667,0.07597595192178701,0.07597595192178701,0.07597595192178701
4.5200000000000005,0.09549150281252627,0.09549150281252627,0.09549150281252627
4.533333333333333,0.11697777844051097,0.11697777844051097,0.11697777844051097
4.546666666666667,0.1403300998306744,0.1403300998306744,0.1403300998306744
4.5600000000000005,0.16543469682057085,0.16543469682057085,0.16543469682057085
4.573333333333333,0.19216926233717085,0.19216926233717085,0.19216926233717085
4.586666666666667,0.2204035482646266,0.2204035482646266,0.2204035482646266
4.6000000000000005,0.24999999999999994,0.24999999999999994,0.24999999999999994
4.613333333333333,0.28081442660546124,0.28081442660546124,0.28081442660546124
4.626666666666667,0.31269670329204396,0.31269670329204396,0.31269670329204396
4.640000000000001,0.3454915028125263,0.3454915028125263,0.3454915028125263
4.653333333333333,0.37903905220016615,0.37903905220016615,0.37903905220016615
4.666666666666667,0.41317591116653474,0.41317591116653474,0.41317591116653474
4.680000000000001,0.4477357683661733,0.4477357683661733,0.4477357683661733
4.693333333333333,0.4825502516487495,0.4825502516487495,0.4825502516487495
4.706666666666667,0.5174497483512503,0.5174497483512503,0.5174497483512503
4.72,0.5522642316338265,0.5522642316338265,0.5522642316338265
4.733333333333333,0.5868240888334652,0.5868240888334652,0.5868240888334652
4.746666666666667,0.6209609477998338,0.6209609477998338,0.6209609477998338
4.76,0.6545084971874737,0.6545084971874737,0.6545084971874737
4.773333333333333,0.6873032967079561,0.6873032967079561,0.6873032967079561
4.786666666666667,0.7191855733945389,0.7191855733945389,0.7191855733945389
4.8,0.7499999999999999,0.7499999999999999,0.7499999999999999
4.8133333333333335,0.7795964517353733,0.7795964517353733,0.7795964517353733
4.826666666666667,0.8078307376628292,0.8078307376628292,0.8078307376628292
4.84,0.834565303179429,0.834565303179429,0.834565303179429
4.8533333333333335,0.8596699001693254,0.8596699001693254,0.8596699001693254
4.866666666666667,0.8830222215594888,0.8830222215594888,0.8830222215594888
4.88,0.9045084971874736,0.9045084971874736,0.9045084971874736
4.8933333333333335,0.924024048078213,0.924024048078213,0.924024048078213
4.906666666666666,0.9414737964294635,0.9414737964294635,0.9414737964294635
4.92,0.9567727288213006,0.9567727288213006,0.9567727288213006
4.933333333333334,0.9698463103929541,0.9698463103929541,0.9698463103929541
4.946666666666666,0.9806308479691596,0.9806308479691596,0.9806308479691596
4.96,0.9890738003669027,0.9890738003669027,0.9890738003669027
4.973333333333334,0.9951340343707851,0.9951340343707851,0.9951340343707851
4.986666666666666,0.9987820251299122,0.9987820251299122,0.9987820251299122
5.0,1.0,1.0,1.0
5.013333333333333,0.9987820251299122,0.9987820251299122,0.9987820251299122
5.026666666666667,0.9951340343707851,0.9951340343707851,0.9951340343707851
5.04,0.989073800366903,0.989073800366903,0.989073800366903
5.053333333333333,0.9806308479691596,0.9806308479691596,0.9806308479691596
5.066666666666667,0.9698463103929541,0.9698463103929541,0.9698463103929541
5.08,0.9567727288213006,0.9567727288213006,0.9567727288213006
5.093333333333333,0.9414737964294635,0.9414737964294635,0.9414737964294635
5.106666666666667,0.924024048078213,0.924024048078213,0.924024048078213
5.12,0.9045084971874738,0.9045084971874738,0.9045084971874738
5.133333333333333,0.8830222215594891,0.8830222215594891,0.8830222215594891
5.146666666666667,0.8596699001693257,0.8596699001693257,0.8596699001693257
5.16,0.8345653031794292,0.8345653031794292,0.8345653031794292
5.173333333333333,0.807830737662829,0.807830737662829,0.807830737662829
5.186666666666667,0.7795964517353737,0.7795964517353737,0.7795964517353737
5.2,0.7500000000000001,0.7500000000000001,0.7500000000000001
5.213333333333333,0.7191855733945389,0.7191855733945389,0.7191855733945389
5.226666666666667,0.6873032967079561,0.6873032967079561,0.6873032967079561
5.24,0.6545084971874737,0.6545084971874737,0.6545084971874737
5.253333333333333,0.6209609477998339,0.6209609477998339,0.6209609477998339
5.266666666666666,0.5868240888334652,0.5868240888334652,0.5868240888334652
5.28,0.5522642316338271,0.5522642316338271,0.5522642316338271
5.293333333333333,0.5174497483512503,0.5174497483512503,0.5174497483512503
5.306666666666667,0.48255025164874976,0.48255025164874976,0.48255025164874976
5.32,0.447735768366173,0.447735768366173,0.447735768366173
5.333333333333333,0.413175911166535,0.413175911166535,0.413175911166535
5.346666666666666,0.3790390522001663,0.3790390522001663,0.3790390522001663
5.36,0.34549150281252644,0.34549150281252644,0.34549150281252644
5.373333333333333,0.3126967032920441,0.3126967032920441,0.3126967032920441
5.386666666666667,0.28081442660546124,0.28081442660546124,0.28081442660546124
5.4,0.24999999999999994,0.24999999999999994,0.24999999999999994
5.413333333333333,0.22040354826462652,0.22040354826462652,0.22040354826462652
5.426666666666666,0.1921692623371711,0.1921692623371711,0.1921692623371711
5.44,0.16543469682057077,0.16543469682057077,0.16543469682057077
5.453333333333333,0.14033009983067457,0.14033009983067457,0.14033009983067457
5.466666666666667,0.11697777844051108,0.11697777844051108,0.11697777844051108
5.48,0.09549150281252634,0.09549150281252634,0.09549150281252634
5.493333333333333,0.07597595192178704,0.07597595192178704,0.07597595192178704
5.506666666666666,0.058526203570536534,0.058526203570536534,0.058526203570536534
5.5200000000000005,0.043227271178699546,0.043227271178699546,0.043227271178699546
5.533333333333333,0.03015368960704593,0.03015368960704593,0.03015368960704593
5.546666666666667,0.019369152030840536,0.019369152030840536,0.019369152030840536
5.5600000000000005,0.010926199633097235,0.010926199633097235,0.010926199633097235
5.573333333333333,0.004865965629214874,0.004865965629214874,0.004865965629214874
5.586666666666666,0.0012179748700878882,0.0012179748700878882,0.0012179748700878882
5.6000000000000005,0.0,0.0,0.0
5.613333333333333,0.001541333133436012,0.001541333133436012,0.001541333133436012
5.626666666666667,0.0061558297024311365,0.0061558297024311365,0.0061558297024311365
5.64,0.013815039801161699,0.013815039801161699,0.013815039801161699
5.653333333333333,0.024471741852423214,0.024471741852423214,0.024471741852423214
5.666666666666666,0.03806023374435662,0.03806023374435662,0.03806023374435662
5.68,0.05449673790581606,0.05449673790581606,0.05449673790581606
5.693333333333333,0.0736799178229539,0.0736799178229539,0.0736799178229539
5.706666666666667,0.09549150281252627,0.09549150281252627,0.09549150281252627
5.72,0.11979701719998452,0.11979701719998452,0.11979701719998452
5.733333333333333,0.14644660940672624,0.14644660940672624,0.14644660940672624
5.746666666666666,0.1752759758349082,0.1752759758349082,0.1752759758349082
5.76,0.2061073738537634,0.2061073738537634,0.2061073738537634
5.773333333333333,0.23875071764202552,0.23875071764202552,0.23875071764202552
5.786666666666667,0.2730047501302265,0.2730047501302265,0.2730047501302265
5.8,0.3086582838174551,0.3086582838174551,0.3086582838174551
5.8133333333333335,0.3454915028125263,0.3454915028125263,0.3454915028125263
5.826666666666666,0.3832773180720473,0.3832773180720473,0.3832773180720473
5.84,0.4217827674798846,0.4217827674798846,0.4217827674798846
5.8533333333333335,0.4607704521360774,0.4607704521360774,0.4607704521360774
5.866666666666667,0.5000000000000001,0.5000000000000001,0.5000000000000001
5.88,0.5392295478639225,0.5392295478639225,0.5392295478639225
5.8933333333333335,0.5782172325201156,0.5782172325201156,0.5782172325201156
5.906666666666666,0.6167226819279525,0.6167226819279525,0.6167226819279525
5.92,0.6545084971874737,0.6545084971874737,0.6545084971874737
5.933333333333334,0.6913417161825449,0.6913417161825449,0.6913417161825449
5.946666666666667,0.7269952498697734,0.7269952498697734,0.7269952498697734
5.96,0.7612492823579744,0.7612492823579744,0.7612492823579744
5.973333333333334,0.7938926261462365,0.7938926261462365,0.7938926261462365
5.986666666666666,0.8247240241650917,0.8247240241650917,0.8247240241650917
6.0,0.8535533905932737,0.8535533905932737,0.8535533905932737
6.013333333333334,0.8802029828000155,0.8802029828000155,0.8802029828000155
6.026666666666667,0.9045084971874736,0.9045084971874736,0.9045084971874736
6.04,0.9263200821770461,0.9263200821770461,0.9263200821770461
6.053333333333333,0.9455032620941839,0.9455032620941839,0.9455032620941839
6.066666666666666,0.9619397662556434,0.9619397662556434,0.9619397662556434
6.08,0.9755282581475768,0.9755282581475768,0.9755282581475768
6.093333333333333,0.9861849601988383,0.9861849601988383,0.9861849601988383
6.106666666666667,0.9938441702975689,0.9938441702975689,0.9938441702975689
6.12,0.9984586668665639,0.9984586668665639,0.9984586668665639
6.133333333333333,1.0,1.0,1.0
6.1466666666666665,0.9984586668665639,0.9984586668665639,0.9984586668665639
6.16,0.9938441702975689,0.9938441702975689,0.9938441702975689
6.173333333333333,0.9861849601988383,0.9861849601988383,0.9861849601988383
6.186666666666667,0.9755282581475766,0.9755282581475766,0.9755282581475766
6.2,0.9619397662556434,0.9619397662556434,0.9619397662556434
6.213333333333333,0.945503262094184,0.945503262094184,0.945503262094184
6.226666666666667,0.9263200821770461,0.9263200821770461,0.9263200821770461
6.24,0.9045084971874738,0.9045084971874738,0.9045084971874738
6.253333333333333,0.8802029828000153,0.8802029828000153,0.8802029828000153
6.2666666666666675,0.8535533905932737,0.8535533905932737,0.8535533905932737
6.28,0.8247240241650922,0.8247240241650922,0.8247240241650922
6.293333333333333,0.7938926261462367,0.7938926261462367,0.7938926261462367
6.306666666666667,0.7612492823579747,0.7612492823579747,0.7612492823579747
6.32,0.7269952498697735,0.7269952498697735,0.7269952498697735
6.333333333333333,0.691341716182545,0.691341716182545,0.691341716182545
6.346666666666668,0.6545084971874737,0.6545084971874737,0.6545084971874737
6.36,0.6167226819279525,0.6167226819279525,0.6167226819279525
6.373333333333333,0.5782172325201155,0.5782172325201155,0.5782172325201155
6.386666666666667,0.5392295478639223,0.5392295478639223,0.5392295478639223
6.4,0.5000000000000001,0.5000000000000001,0.5000000000000001
6.413333333333333,0.46077045213607787,0.46077045213607787,0.46077045213607787
6.426666666666668,0.4217827674798847,0.4217827674798847,0.4217827674798847
6.44,0.38327731807204757,0.38327731807204757,0.38327731807204757
6.453333333333333,0.34549150281252644,0.34549150281252644,0.34549150281252644
6.466666666666666,0.3086582838174551,0.3086582838174551,0.3086582838174551
6.48,0.2730047501302266,0.2730047501302266,0.2730047501302266
6.493333333333333,0.23875071764202546,0.23875071764202546,0.23875071764202546
6.506666666666666,0.2061073738537635,0.2061073738537635,0.2061073738537635
6.5200000000000005,0.17527597583490806,0.17527597583490806,0.17527597583490806
6.533333333333333,0.14644660940672632,0.14644660940672632,0.14644660940672632
6.546666666666666,0.11979701719998476,0.11979701719998476,0.11979701719998476
6.5600000000000005,0.09549150281252634,0.09549150281252634,0.09549150281252634
6.573333333333333,0.07367991782295408,0.07367991782295408,0.07367991782295408
6.586666666666666,0.05449673790581613,0.05449673790581613,0.05449673790581613
6.6000000000000005,0.038060233744356756,0.038060233744356756,0.038060233744356756
6.613333333333333,0.02447174185242325,0.02447174185242325,0.02447174185242325
6.626666666666666,0.013815039801161676,0.013815039801161676,0.013815039801161676
6.640000000000001,0.0061558297024311565,0.0061558297024311565,0.0061558297024311565
6.653333333333333,0.0015413331334360038,0.0015413331334360038,0.0015413331334360038
6.666666666666666,0.0,0.0,0.0
6.680000000000001,0.002012853002380485,0.002012853002380485,0.002012853002380485
6.693333333333333,0.008035205700685171,0.008035205700685171,0.008035205700685171
6.706666666666666,0.018018569652073352,0.018018569652073352,0.018018569652073352
6.720000000000001,0.0318825646801314,0.0318825646801314,0.0318825646801314
6.733333333333333,0.049515566048790434,0.049515566048790434,0.049515566048790434
6.746666666666666,0.07077560319906695,0.07077560319906695,0.07077560319906695
6.760000000000001,0.09549150281252627,0.09549150281252627,0.09549150281252627
6.773333333333333,0.12346426699819452,0.12346426699819452,0.12346426699819452
6.786666666666666,0.15446867550656762,0.15446867550656762,0.15446867550656762
6.800000000000001,0.18825509907063323,0.18825509907063323,0.18825509907063323
6.8133333333333335,0.2245515092739487,0.2245515092739487,0.2245515092739487
6.826666666666666,0.2630656687635006,0.2630656687635006,0.2630656687635006
6.840000000000001,0.3034874841730382,0.3034874841730382,0.3034874841730382
6.8533333333333335,0.3454915028125263,0.3454915028125263,0.3454915028125263
6.866666666666666,0.3887395330218427,0.3887395330218427,0.3887395330218427
6.879999999999999,0.43288336709117226,0.43288336709117226,0.43288336709117226
6.8933333333333335,0.4775675848247425,0.4775675848247425,0.4775675848247425
6.906666666666666,0.5224324151752573,0.5224324151752573,0.5224324151752573
6.92,0.5671166329088276,0.5671166329088276,0.5671166329088276
6.933333333333334,0.6112604669781572,0.6112604669781572,0.6112604669781572
6.946666666666666,0.6545084971874737,0.6545084971874737,0.6545084971874737
6.959999999999999,0.6965125158269618,0.6965125158269618,0.6965125158269618
6.973333333333334,0.7369343312364993,0.7369343312364993,0.7369343312364993
6.986666666666666,0.7754484907260513,0.7754484907260513,0.7754484907260513
7.0,0.8117449009293668,0.8117449009293668,0.8117449009293668
7.013333333333334,0.8455313244934323,0.8455313244934323,0.8455313244934323
7.026666666666666,0.8765357330018054,0.8765357330018054,0.8765357330018054
7.039999999999999,0.9045084971874736,0.9045084971874736,0.9045084971874736
7.053333333333334,0.9292243968009329,0.9292243968009329,0.9292243968009329
7.066666666666666,0.9504844339512096,0.9504844339512096,0.9504844339512096
7.08,0.9681174353198686,0.9681174353198686,0.9681174353198686
7.093333333333334,0.9819814303479265,0.9819814303479265,0.9819814303479265
7.1066666666666665,0.991964794299315,0.991964794299315,0.991964794299315
7.119999999999999,0.9979871469976194,0.9979871469976194,0.9979871469976194
7.133333333333334,1.0,1.0,1.0
7.1466666666666665,0.9979871469976196,0.9979871469976196,0.9979871469976196
7.16,0.991964794299315,0.991964794299315,0.991964794299315
7.173333333333334,0.9819814303479267,0.9819814303479267,0.9819814303479267
7.1866666666666665,0.9681174353198686,0.9681174353198686,0.9681174353198686
7.199999999999999,0.9504844339512096,0.9504844339512096,0.9504844339512096
7.213333333333334,0.9292243968009332,0.9292243968009332,0.9292243968009332
7.226666666666667,0.9045084971874738,0.9045084971874738,0.9045084971874738
7.24,0.8765357330018054,0.8765357330018054,0.8765357330018054
7.253333333333334,0.8455313244934324,0.8455313244934324,0.8455313244934324
7.266666666666667,0.8117449009293668,0.8117449009293668,0.8117449009293668
7.279999999999999,0.7754484907260513,0.7754484907260513,0.7754484907260513
7.293333333333333,0.7369343312364993,0.7369343312364993,0.7369343312364993
7.306666666666667,0.6965125158269618,0.6965125158269618,0.6965125158269618
7.32,0.6545084971874737,0.6545084971874737,0.6545084971874737
7.333333333333333,0.6112604669781574,0.6112604669781574,0.6112604669781574
7.346666666666667,0.5671166329088277,0.5671166329088277,0.5671166329088277
7.359999999999999,0.5224324151752575,0.5224324151752575,0.5224324151752575
7.373333333333333,0.47756758482474265,0.47756758482474265,0.47756758482474265
7.386666666666667,0.43288336709117237,0.43288336709117237,0.43288336709117237
7.4,0.3887395330218429,0.3887395330218429,0.3887395330218429
7.413333333333333,0.34549150281252644,0.34549150281252644,0.34549150281252644
7.426666666666667,0.30348748417303834,0.30348748417303834,0.30348748417303834
7.4399999999999995,0.26306566876350074,0.26306566876350074,0.26306566876350074
7.453333333333333,0.22455150927394882,0.22455150927394882,0.22455150927394882
7.466666666666667,0.18825509907063334,0.18825509907063334,0.18825509907063334
7.48,0.15446867550656773,0.15446867550656773,0.15446867550656773
7.493333333333333,0.1234642669981946,0.1234642669981946,0.1234642669981946
7.506666666666667,0.09549150281252634,0.09549150281252634,0.09549150281252634
7.52,0.070775603199067,0.070775603199067,0.070775603199067
7.533333333333333,0.04951556604879048,0.04951556604879048,0.04951556604879048
7.546666666666667,0.03188256468013143,0.03188256468013143,0.03188256468013143
7.5600000000000005,0.018018569652073387,0.018018569652073387,0.018018569652073387
7.573333333333333,0.008035205700685194,0.008035205700685194,0.008035205700685194
7.586666666666667,0.002012853002380496,0.002012853002380496,0.002012853002380496
7.6,0.0,0.0,0.0
7.613333333333333,0.0027390523158633312,0.0027390523158633312,0.0027390523158633312
7.626666666666667,0.010926199633097178,0.010926199633097178,0.010926199633097178
7.640000000000001,0.024471741852423214,0.024471741852423214,0.024471741852423214
7.653333333333333,0.043227271178699546,0.043227271178699546,0.043227271178699546
7.666666666666667,0.06698729810778066,0.06698729810778066,0.06698729810778066
7.68,0.09549150281252627,0.09549150281252627,0.09549150281252627
7.693333333333333,0.12842758726130288,0.12842758726130288,0.12842758726130288
7.706666666666667,0.16543469682057085,0.16543469682057085,0.16543469682057085
7.720000000000001,0.2061073738537634,0.2061073738537634,0.2061073738537634
7.733333333333333,0.24999999999999994,0.24999999999999994,0.24999999999999994
7.746666666666666,0.29663167846209976,0.29663167846209976,0.29663167846209976
7.76,0.3454915028125263,0.3454915028125263,0.3454915028125263
7.773333333333333,0.3960441545911204,0.3960441545911204,0.3960441545911204
7.786666666666666,0.4477357683661733,0.4477357683661733,0.4477357683661733
7.800000000000001,0.5000000000000001,0.5000000000000001,0.5000000000000001
7.8133333333333335,0.5522642316338265,0.5522642316338265,0.5522642316338265
7.826666666666666,0.6039558454088795,0.6039558454088795,0.6039558454088795
7.84,0.6545084971874737,0.6545084971874737,0.6545084971874737
7.8533333333333335,0.7033683215379,0.7033683215379,0.7033683215379
7.866666666666666,0.7499999999999999,0.7499999999999999,0.7499999999999999
7.880000000000001,0.7938926261462365,0.7938926261462365,0.7938926261462365
7.8933333333333335,0.834565303179429,0.834565303179429,0.834565303179429
7.906666666666666,0.8715724127386971,0.8715724127386971,0.8715724127386971
7.92,0.9045084971874736,0.9045084971874736,0.9045084971874736
7.933333333333334,0.9330127018922194,0.9330127018922194,0.9330127018922194
7.946666666666666,0.9567727288213006,0.9567727288213006,0.9567727288213006
7.960000000000001,0.9755282581475768,0.9755282581475768,0.9755282581475768
7.973333333333334,0.9890738003669027,0.9890738003669027,0.9890738003669027
7.986666666666666,0.9972609476841365,0.9972609476841365,0.9972609476841365
8.0,1.0,1.0,1.0
8.013333333333334,0.9972609476841365,0.9972609476841365,0.9972609476841365
8.026666666666667,0.989073800366903,0.989073800366903,0.989073800366903
8.040000000000001,0.9755282581475766,0.9755282581475766,0.9755282581475766
8.053333333333333,0.9567727288213006,0.9567727288213006,0.9567727288213006
8.066666666666666,0.9330127018922194,0.9330127018922194,0.9330127018922194
8.08,0.9045084971874738,0.9045084971874738,0.9045084971874738
8.093333333333334,0.8715724127386971,0.8715724127386971,0.8715724127386971
8.106666666666666,0.8345653031794292,0.8345653031794292,0.8345653031794292
8.120000000000001,0.7938926261462367,0.7938926261462367,0.7938926261462367
8.133333333333333,0.7500000000000001,0.7500000000000001,0.7500000000000001
8.146666666666667,0.7033683215379002,0.7033683215379002,0.7033683215379002
8.16,0.6545084971874737,0.6545084971874737,0.6545084971874737
8.173333333333334,0.6039558454088799,0.6039558454088799,0.6039558454088799
8.186666666666667,0.5522642316338271,0.5522642316338271,0.5522642316338271
8.2,0.5000000000000001,0.5000000000000001,0.5000000000000001
8.213333333333333,0.447735768366173,0.447735768366173,0.447735768366173
8.226666666666667,0.39604415459112025,0.39604415459112025,0.39604415459112025
8.24,0.34549150281252644,0.34549150281252644,0.34549150281252644
8.253333333333334,0.29663167846210015,0.29663167846210015,0.29663167846210015
8.266666666666666,0.24999999999999994,0.24999999999999994,0.24999999999999994
8.28,0.2061073738537635,0.2061073738537635,0.2061073738537635
8.293333333333333,0.16543469682057077,0.16543469682057077,0.16543469682057077
8.306666666666667,0.12842758726130316,0.12842758726130316,0.12842758726130316
8.32,0.09549150281252634,0.09549150281252634,0.09549150281252634
8.333333333333334,0.06698729810778081,0.06698729810778081,0.06698729810778081
8.346666666666668,0.043227271178699546,0.043227271178699546,0.043227271178699546
8.36,0.02447174185242325,0.02447174185242325,0.02447174185242325
8.373333333333333,0.010926199633097235,0.010926199633097235,0.010926199633097235
8.386666666666667,0.0027390523158633755,0.0027390523158633755,0.0027390523158633755
8.4,0.0,0.0,0.0
8.413333333333334,0.003942649342761085,0.003942649342761085,0.003942649342761085
8.426666666666666,0.015708419435684445,0.015708419435684445,0.015708419435684445
8.44,0.035111757055874285,0.035111757055874285,0.035111757055874285
8.453333333333333,0.06184665997806821,0.06184665997806821,0.06184665997806821
8.466666666666667,0.09549150281252627,0.09549150281252627,0.09549150281252627
8.48,0.1355156862892942,0.1355156862892942,0.1355156862892942
8.493333333333334,0.1812880051256552,0.1812880051256552,0.1812880051256552
8.506666666666668,0.23208660251050173,0.23208660251050173,0.23208660251050173
8.52,0.2871103542174637,0.2871103542174637,0.2871103542174637
8.533333333333333,0.3454915028125263,0.3454915028125263,0.3454915028125263
8.546666666666667,0.4063093427071376,0.4063093427071376,0.4063093427071376
8.56,0.4686047402353432,0.4686047402353432,0.4686047402353432
8.573333333333332,0.5313952597646567,0.5313952597646567,0.5313952597646567
8.586666666666666,0.5936906572928623,0.5936906572928623,0.5936906572928623
8.6,0.6545084971874737,0.6545084971874737,0.6545084971874737
8.613333333333333,0.7128896457825363,0.7128896457825363,0.7128896457825363
8.626666666666667,0.7679133974894985,0.7679133974894985,0.7679133974894985
8.64,0.818711994874345,0.818711994874345,0.818711994874345
8.653333333333332,0.8644843137107057,0.8644843137107057,0.8644843137107057
8.666666666666668,0.9045084971874736,0.9045084971874736,0.9045084971874736
8.68,0.9381533400219317,0.9381533400219317,0.9381533400219317
8.693333333333333,0.9648882429441256,0.9648882429441256,0.9648882429441256
8.706666666666667,0.9842915805643156,0.9842915805643156,0.9842915805643156
8.72,0.9960573506572389,0.9960573506572389,0.9960573506572389
8.733333333333333,1.0,1.0,1.0
8.746666666666666,0.9960573506572389,0.9960573506572389,0.9960573506572389
8.76,0.9842915805643154,0.9842915805643154,0.9842915805643154
8.773333333333333,0.9648882429441256,0.9648882429441256,0.9648882429441256
8.786666666666667,0.938153340021932,0.938153340021932,0.938153340021932
8.8,0.9045084971874738,0.9045084971874738,0.9045084971874738
8.813333333333333,0.8644843137107059,0.8644843137107059,0.8644843137107059
8.826666666666668,0.8187119948743448,0.8187119948743448,0.8187119948743448
8.84,0.7679133974894982,0.7679133974894982,0.7679133974894982
8.853333333333333,0.7128896457825361,0.7128896457825361,0.7128896457825361
8.866666666666667,0.6545084971874737,0.6545084971874737,0.6545084971874737
8.88,0.5936906572928623,0.5936906572928623,0.5936906572928623
8.893333333333333,0.5313952597646565,0.5313952597646565,0.5313952597646565
8.906666666666666,0.46860474023534354,0.46860474023534354,0.46860474023534354
8.92,0.40630934270713787,0.40630934270713787,0.40630934270713787
8.933333333333334,0.34549150281252644,0.34549150281252644,0.34549150281252644
8.946666666666667,0.28711035421746406,0.28711035421746406,0.28711035421746406
8.96,0.232086602510502,0.232086602510502,0.232086602510502
8.973333333333333,0.18128800512565535,0.18128800512565535,0.18128800512565535
8.986666666666666,0.13551568628929436,0.13551568628929436,0.13551568628929436
9.0,0.09549150281252634,0.09549150281252634,0.09549150281252634
9.013333333333334,0.06184665997806822,0.06184665997806822,0.06184665997806822
9.026666666666666,0.035111757055874444,0.035111757055874444,0.035111757055874444
9.040000000000001,0.015708419435684514,0.015708419435684514,0.015708419435684514
9.053333333333333,0.003942649342761111,0.003942649342761111,0.003942649342761111
9.066666666666666,0.0,0.0,0.0
9.08,0.0061558297024311365,0.0061558297024311365,0.0061558297024311365
9.093333333333334,0.024471741852423214,0.024471741852423214,0.024471741852423214
9.106666666666666,0.05449673790581606,0.05449673790581606,0.05449673790581606
9.120000000000001,0.09549150281252627,0.09549150281252627,0.09549150281252627
9.133333333333333,0.14644660940672624,0.14644660940672624,0.14644660940672624
9.146666666666667,0.2061073738537634,0.2061073738537634,0.2061073738537634
9.16,0.2730047501302265,0.2730047501302265,0.2730047501302265
9.173333333333334,0.3454915028125263,0.3454915028125263,0.3454915028125263
9.186666666666666,0.4217827674798846,0.4217827674798846,0.4217827674798846
9.200000000000001,0.5000000000000001,0.5000000000000001,0.5000000000000001
9.213333333333333,0.5782172325201156,0.5782172325201156,0.5782172325201156
9.226666666666667,0.6545084971874737,0.6545084971874737,0.6545084971874737
9.24,0.7269952498697734,0.7269952498697734,0.7269952498697734
9.253333333333334,0.7938926261462365,0.7938926261462365,0.7938926261462365
9.266666666666666,0.8535533905932737,0.8535533905932737,0.8535533905932737
9.280000000000001,0.9045084971874736,0.9045084971874736,0.9045084971874736
9.293333333333333,0.9455032620941839,0.9455032620941839,0.9455032620941839
9.306666666666667,0.9755282581475768,0.9755282581475768,0.9755282581475768
9.32,0.9938441702975689,0.9938441702975689,0.9938441702975689
9.333333333333334,1.0,1.0,1.0
9.346666666666666,0.9938441702975689,0.9938441702975689,0.9938441702975689
9.360000000000001,0.9755282581475766,0.9755282581475766,0.9755282581475766
9.373333333333333,0.945503262094184,0.945503262094184,0.945503262094184
9.386666666666667,0.9045084971874738,0.9045084971874738,0.9045084971874738
9.399999999999999,0.8535533905932737,0.8535533905932737,0.8535533905932737
9.413333333333334,0.7938926261462367,0.7938926261462367,0.7938926261462367
9.426666666666666,0.7269952498697735,0.7269952498697735,0.7269952498697735
9.44,0.6545084971874737,0.6545084971874737,0.6545084971874737
9.453333333333333,0.5782172325201155,0.5782172325201155,0.5782172325201155
9.466666666666667,0.5000000000000001,0.5000000000000001,0.5000000000000001
9.48,0.4217827674798847,0.4217827674798847,0.4217827674798847
9.493333333333334,0.34549150281252644,0.34549150281252644,0.34549150281252644
9.506666666666666,0.2730047501302266,0.2730047501302266,0.2730047501302266
9.52,0.2061073738537635,0.2061073738537635,0.2061073738537635
9.533333333333333,0.14644660940672632,0.14644660940672632,0.14644660940672632
9.546666666666667,0.09549150281252634,0.09549150281252634,0.09549150281252634
9.559999999999999,0.05449673790581613,0.05449673790581613,0.05449673790581613
9.573333333333334,0.02447174185242325,0.02447174185242325,0.02447174185242325
9.586666666666666,0.0061558297024311565,0.0061558297024311565,0.0061558297024311565
9.6,0.0,0.0,0.0
9.613333333333333,0.010926199633097178,0.010926199633097178,0.010926199633097178
9.626666666666667,0.043227271178699546,0.043227271178699546,0.043227271178699546
9.64,0.09549150281252627,0.09549150281252627,0.09549150281252627
9.653333333333334,0.16543469682057085,0.16543469682057085,0.16543469682057085
9.666666666666666,0.24999999999999994,0.24999999999999994,0.24999999999999994
9.68,0.3454915028125263,0.3454915028125263,0.3454915028125263
9.693333333333333,0.4477357683661733,0.4477357683661733,0.4477357683661733
9.706666666666667,0.5522642316338265,0.5522642316338265,0.5522642316338265
9.719999999999999,0.6545084971874737,0.6545084971874737,0.6545084971874737
9.733333333333334,0.7499999999999999,0.7499999999999999,0.7499999999999999
9.746666666666666,0.834565303179429,0.834565303179429,0.834565303179429
9.76,0.9045084971874736,0.9045084971874736,0.9045084971874736
9.773333333333333,0.9567727288213006,0.9567727288213006,0.9567727288213006
9.786666666666667,0.9890738003669027,0.9890738003669027,0.9890738003669027
9.8,1.0,1.0,1.0
9.813333333333333,0.989073800366903,0.989073800366903,0.989073800366903
9.826666666666666,0.9567727288213006,0.9567727288213006,0.9567727288213006
9.84,0.9045084971874738,0.9045084971874738,0.9045084971874738
9.853333333333333,0.8345653031794292,0.8345653031794292,0.8345653031794292
9.866666666666667,0.7500000000000001,0.7500000000000001,0.7500000000000001
9.879999999999999,0.6545084971874737,0.6545084971874737,0.6545084971874737
9.893333333333333,0.5522642316338271,0.5522642316338271,0.5522642316338271
9.906666666666666,0.447735768366173,0.447735768366173,0.447735768366173
9.92,0.34549150281252644,0.34549150281252644,0.34549150281252644
9.933333333333334,0.24999999999999994,0.24999999999999994,0.24999999999999994
9.946666666666667,0.16543469682057077,0.16543469682057077,0.16543469682057077
9.96,0.09549150281252634,0.09549150281252634,0.09549150281252634
9.973333333333333,0.043227271178699546,0.043227271178699546,0.043227271178699546
9.986666666666666,0.010926199633097235,0.010926199633097235,0.010926199633097235
